id	original_text	symbols
21	and used an exceedingly beautiful type, which is indeed to look at a transition between Gothic and Roman,	ænd juzd æn ɪksidɪŋli bjutəfəl tajp, wɪtʃ ɪz ɪndid tə lʊk æt ə tɹænzɪʃən bɪtwin ɡɑθɪk ænd ɹowmən,
66	and these somewhat wiry letters are suitable for the machine process, which would not do justice to letters of more generous design.	ænd ðiz sʌmwʌt wɪɹi lɛtɹ̩z ɑɹ sutəbəl fɔɹ ðə məʃin pɹɑsɛs, wɪtʃ wʊd nɑt du dʒʌstəs tə lɛtɹ̩z ʌv mɔɹ dʒɛnɹ̩əs dɪzajn.
72	oddity rather than rational beauty and meaning being apparently the thing sought for both in the letters and the illustrations.	ɑdəti ɹæðɹ̩ ðæn ɹæʃənəl bjuti ænd minɪŋ biɪŋ əpɛɹəntli ðə θɪŋ sɔt fɔɹ bowθ ɪn ðə lɛtɹ̩z ænd ðə ɪləstɹejʃənz.
91	For where these are boldly and carefully designed, and each letter is thoroughly individual in form,	fɔɹ wɛɹ ðiz ɑɹ bowldli ænd kɛɹfəli dɪzajnd, ænd itʃ lɛtɹ̩ ɪz θɹ̩owli ɪndəvɪdʒəwəl ɪn fɔɹm,
109	One fruitful source of badness in paper	wʌn fɹutfəl sɔɹs ʌv bædnəs ɪn pejpɹ̩
162	or they lodged with the gatesmen, the prisoner officers who had charge of the inner gates.	ɔɹ ðej lɑdʒd wɪð ðə ɡejtzmɪn, ðə pɹɪzənɹ̩ ɔfəsɹ̩z hu hæd tʃɑɹdʒ ʌv ðə ɪnɹ̩ ɡejts.
163	The middle yard was at first given up to the least heinous offenders. After eighteen twelve it changed functions with the chapel yard.	ðə mɪdəl jɑɹd wɑz æt fɹ̩st ɡɪvən ʌp tə ðə list hejnəs əfɛndɹ̩z. æftɹ̩ ejtin twɛlv ɪt tʃejndʒd fʌŋkʃənz wɪð ðə tʃæpəl jɑɹd.
172	Neild takes it for granted that the former rather than the latter prevailed in the selection,	nild tejks ɪt fɔɹ ɡɹæntəd ðæt ðə fɔɹmɹ̩ ɹæðɹ̩ ðæn ðə lætɹ̩ pɹɪvejld ɪn ðə səlɛkʃən,
266	The sale of spirits was forbidden, but gin could always be had at the whistling shops, where it was known as Moonshine, Sky Blue,	ðə sejl ʌv spɪɹəts wɑz fɔɹbɪdən, bʌt dʒɪn kʊd ɔlwejz bi hæd æt ðə wɪslɪŋ ʃɑps, wɛɹ ɪt wɑz nown æz munʃajn, skaj blu,
283	The state of morals was disgraceful. Any woman obtained admission if sober, and if she got drunk she was not turned out.	ðə stejt ʌv mɔɹəlz wɑz dɪsɡɹejsfəl. ɛni wʊmən əbtejnd ædmɪʃən ɪf sowbɹ̩, ænd ɪf ʃi ɡɑt dɹʌŋk ʃi wɑz nɑt tɹ̩nd awt.
294	with jurisdiction to hold pleas in all actions within the prescribed limits. The court was chiefly used for the recovery of small debts under ten pounds	wɪð dʒʊɹəsdɪkʃən tə howld pliz ɪn ɔl ækʃənz wɪðɪn ðə pɹiskɹajbd lɪməts. ðə kɔɹt wɑz tʃifli juzd fɔɹ ðə ɹəkʌvɹ̩i ʌv smɔl dɛts ʌndɹ̩ tɛn pawndz
350	The city also allowed the poor debtors fourteen ounces of bread daily, and their share of eight stone of meat, an allowance which never varied,	ðə sɪti ɔlsow əlawd ðə pʊɹ dɛtɹ̩z fɔɹtin awnsəz ʌv bɹɛd dejli, ænd ðɛɹ ʃɛɹ ʌv ejt stown ʌv mit, æn əlawəns wɪtʃ nɛvɹ̩ vɛɹid,
359	could not be made even to look clean while there was no obligation of personal cleanliness on individuals, who often came into the prison in filthy rags.	kʊd nɑt bi mejd ivən tə lʊk klin wajl ðɛɹ wɑz now ɑbləɡejʃən ʌv pɹ̩sənəl klɛnlinɪs ɑn ɪndəvɪdʒəwəlz, hu ɔfən kejm ɪntu ðə pɹɪzən ɪn fɪlθi ɹæɡz.
367	Friends arrived about nine a.m., and went out at nine p.m., when as many as two hundred visitors have been observed leaving the debtors' yards at one time.	fɹɛndz ɹ̩ajvd əbawt najn ə.ɛm., ænd wɛnt awt æt najn pi.ɛm., wɛn æz mɛni æz tu hʌndɹəd vɪzətɹ̩z hæv bɪn əbzɹ̩vd livɪŋ ðə dɛtɔɹs jɑɹdz æt wʌn tajm.
371	and debtors might practically have as much as they liked, if they could only pay for it.	ænd dɛtɹ̩z majt pɹæktəkli hæv æz mʌtʃ æz ðej lajkt, ɪf ðej kʊd ownli pej fɔɹ ɪt.
430	Quote, in this dreadful situation, end quote. who had been rescued from the hulks through the kindness and attention of the Secretary of State.	kwowt, ɪn ðɪs dɹɛdfəl sɪtʃuejʃən, ɛnd kwowt. hu hæd bɪn ɹɛskjud fɹʌm ðə hʌlks θɹu ðə kajndnəs ænd ətɛnʃən ʌv ðə sɛkɹətɛɹi ʌv stejt.
462	whose language and manners, whose female associates of the most abandoned description, and the scenes consequent with such lost wretches	huz læŋɡwədʒ ænd mænɹ̩z, huz fimejl əsowsiɪts ʌv ðə mowst əbændənd dɪskɹɪpʃən, ænd ðə sinz kɑnsəkwənt wɪð sʌtʃ lɔst ɹɛtʃəz
512	Few realizing that the dreadful fate would overtake them, dismissed the prospect of death,	fju ɹilajzɪŋ ðæt ðə dɹɛdfəl fejt wʊd owvɹ̩tejk ðɛm, dɪsmɪst ðə pɹɑspɛkt ʌv dɛθ,
567	kept open house, so to speak, and entertained daily within the walls a select party of the most noted thieves in London.	kɛpt owpən haws, sow tə spik, ænd ɛntɹ̩tejnd dejli wɪðɪn ðə wɔlz ə səlɛkt pɑɹti ʌv ðə mowst nowtəd θivz ɪn lʌndən.
569	and offered him half the booty if he would give full information as to the transactions and correspondence of his late employers.	ænd ɔfɹ̩d hɪm hæf ðə buti ɪf hi wʊd ɡɪv fʊl ɪnfɹ̩mejʃən æz tə ðə tɹænzækʃənz ænd kɔɹəspɑndəns ʌv hɪz lejt ɛmplojɹ̩z.
632	Why not relieve Newgate by drawing more largely upon the superior accommodation which Millbank offered?	waj nɑt ɹɪliv nuɡejt baj dɹɔɪŋ mɔɹ lɑɹdʒli əpɑn ðə supɪɹiɹ̩ əkɑmədejʃən wɪtʃ mɪlbæŋk ɔfɹ̩d?
654	and they were not threatened with any particular penalties if they evaded or ignored the new acts.	ænd ðej wɹ̩ nɑt θɹɛtənd wɪð ɛni pɹ̩tɪkjəlɹ̩ pɛnəltiz ɪf ðej ɪvejdɪd ɔɹ ɪɡnɔɹd ðə nu ækts.
658	It was in eighteen seventeen that a small band of philanthropists resolved to form themselves into an association for the improvement of prison discipline.	ɪt wɑz ɪn ejtin sɛvəntin ðæt ə smɔl bænd ʌv fɪlænθɹəpɪsts ɹizɑlvd tə fɔɹm ðɛmsɛlvz ɪntu æn əsowsiejʃən fɔɹ ðə ɪmpɹuvmənt ʌv pɹɪzən dɪsəplən.
684	As far back as the reign of Charles the second, a law was passed declaring that sufficient provision should be made for the relief and setting on work	æz fɑɹ bæk æz ðə ɹejn ʌv tʃɑɹlz ðə sɛkənd, ə lɔ wɑz pæst dɪklɛɹɪŋ ðæt səfɪʃənt pɹəvɪʒən ʃʊd bi mejd fɔɹ ðə ɹɪlif ænd sɛtɪŋ ɑn wɹ̩k
736	was by a kind of chimney, which the prisoners kept hermetically sealed, and which had never been opened in the memory of the turnkey.	wɑz baj ə kajnd ʌv tʃɪmni, wɪtʃ ðə pɹɪzənɹ̩z kɛpt hɹ̩mɛtɪkəli sild, ænd wɪtʃ hæd nɛvɹ̩ bɪn owpənd ɪn ðə mɛmɹ̩i ʌv ðə tɹ̩nki.
779	So plentiful was this dietary, that although the old permission remained in force of allowing the friends of prisoners to bring them supplies from outside,	sow plɛntəfəl wɑz ðɪs dajətɛɹi, ðæt ɔlðow ðə owld pɹ̩mɪʃən ɹɪmejnd ɪn fɔɹs ʌv əlawɪŋ ðə fɹɛndz ʌv pɹɪzənɹ̩z tə bɹɪŋ ðɛm səplajz fɹʌm awtsajd,
787	Ironing it will be remembered, was a distinguishing badge, so that when the jail was cleared the free might be readily known from the captive, and escapes prevented.	ajɹ̩nɪŋ ɪt wɪl bi ɹɪmɛmbɹ̩d, wɑz ə dɪstɪŋɡwɪʃɪŋ bædʒ, sow ðæt wɛn ðə dʒejl wɑz klɪɹd ðə fɹi majt bi ɹɛdəli nown fɹʌm ðə kæptɪv, ænd ɪskejps pɹɪvɛntɪd.
840	or a dungeon above or below the gate of a town, to the first attempts at systematic reconstruction carried out under the advice and supervision of Howard.	ɔɹ ə dʌndʒən əbʌv ɔɹ bɪlow ðə ɡejt ʌv ə tawn, tə ðə fɹ̩st ətɛmpts æt sɪstəmætɪk ɹikənstɹʌkʃən kæɹid awt ʌndɹ̩ ðə ædvajs ænd supɹ̩vɪʒən ʌv hawɹ̩d.
844	The Society did not limit its remarks to the description of what had already been done	ðə səsajəti dɪd nɑt lɪmət ɪts ɹɪmɑɹks tə ðə dɪskɹɪpʃən ʌv wʌt hæd ɔlɹɛdi bɪn dʌn
880	In others the separation between the sexes consisted in a hanging curtain	ɪn ʌðɹ̩z ðə sɛpɹ̩ejʃən bɪtwin ðə sɛksəz kənsɪstəd ɪn ə hæŋɪŋ kɹ̩tən
951	Some reforms had certainly been introduced, such as the abolition of irons, already referred to, and the establishment of male and female infirmaries.	sʌm ɹəfɔɹmz hæd sɹ̩tənli bɪn ɪntɹədust, sʌtʃ æz ðə æbəlɪʃən ʌv ajɹ̩nz, ɔlɹɛdi ɹəfɹ̩d tə, ænd ðə ɪstæblɪʃmənt ʌv mejl ænd fimejl ɪnfɹ̩mɛɹ̩iz.
964	There was no instruction of adult prisoners, in accordance with the law. The sleeping accommodation was still altogether contrary to the latest ideas.	ðɛɹ wɑz now ɪnstɹʌkʃən ʌv ədʌlt pɹɪzənɹ̩z, ɪn əkɔɹdəns wɪð ðə lɔ. ðə slipɪŋ əkɑmədejʃən wɑz stɪl ɔltəɡɛðɹ̩ kɑntɹɛɹi tə ðə lejtəst ajdiəz.
966	Last, and worst of all, the arrangements for keeping the condemned prisoners between sentence and execution were more than unsatisfactory.	læst, ænd wɹ̩st ʌv ɔl, ðə ɹ̩ejndʒmənts fɔɹ kipɪŋ ðə kəndɛmd pɹɪzənɹ̩z bɪtwin sɛntəns ænd ɛksəkjuʃən wɹ̩ mɔɹ ðæn ʌnsətɪsfæktɹ̩i.
1063	I shall have occasion to speak again, and more at length, of Mr. Cope's careless and perfunctory discharge	aj ʃæl hæv əkejʒən tə spik əɡɛn, ænd mɔɹ æt lɛŋkθ, ʌv mɪstɹ̩ kowpɛz kɛɹləs ænd pɹ̩fʌŋktɹ̩i dɪstʃɑɹdʒ
1064	of his many manifest duties, but I shall here confine myself to animadverting on his neglect as regards the appropriation of his prison.	ʌv hɪz mɛni mænəfɛst dutiz, bʌt aj ʃæl hɪɹ kɑnfajn majsɛlf tə ænəmædvɹ̩tɪŋ ɑn hɪz nəɡlɛkt æz ɹɪɡɑɹdz ðə əpɹowpɹiejʃən ʌv hɪz pɹɪzən.
1120	Many of them were otherwise and improperly occupied for hours every day in menial services for the governor, cleaning his windows or grooming his horse.	mɛni ʌv ðɛm wɹ̩ ʌðɹ̩wajz ænd ɪmpɹɑpɹ̩li ɑkjəpajd fɔɹ awɹ̩z ɛvɹ̩i dej ɪn miniəl sɹ̩vəsəz fɔɹ ðə ɡʌvɹ̩nɹ̩, klinɪŋ hɪz wɪndowz ɔɹ ɡɹumɪŋ hɪz hɔɹs.
1127	one man who had been in the condemned ward for two months, said the governor only came there four times.	wʌn mæn hu hæd bɪn ɪn ðə kəndɛmd wɔɹd fɔɹ tu mʌnθs, sɛd ðə ɡʌvɹ̩nɹ̩ ownli kejm ðɛɹ fɔɹ tajmz.
1141	But, indeed, his whole rule was far too mild, and under this mistaken leniency	bʌt, ɪndid, hɪz howl ɹul wɑz fɑɹ tu majld, ænd ʌndɹ̩ ðɪs mɪstejkən linjənsi
1144	the most hardened and the oldest in vice had the best of it, while the inexperienced beginner went to the wall.	ðə mowst hɑɹdənd ænd ðə owldəst ɪn vajs hæd ðə bɛst ʌv ɪt, wajl ðə ɪnɪkspɪɹiənst bɪɡɪnɹ̩ wɛnt tə ðə wɔl.
1231	The poor, who could afford no luxuries, went to bed early, but were kept awake by the revelries of the rich,	ðə pʊɹ, hu kʊd əfɔɹd now lʌɡʒɹ̩iz, wɛnt tə bɛd ɹ̩li, bʌt wɹ̩ kɛpt əwejk baj ðə ɹɛvəlɹiz ʌv ðə ɹɪtʃ,
1255	in the face of impediments confessedly discouraging	ɪn ðə fejs ʌv ɪmpɛdəmənts kənfɛsədli dɪskɹ̩ədʒɪŋ
1307	Instead of seclusion and meditation, his time is passed in the midst of a body of criminals of every class and degree, in riot, debauchery, and gaming,	ɪnstɛd ʌv sɪkluʒən ænd mɛdətejʃən, hɪz tajm ɪz pæst ɪn ðə mɪdst ʌv ə bɑdi ʌv kɹɪmənəlz ʌv ɛvɹ̩i klæs ænd dɪɡɹi, ɪn ɹajət, dəbɔtʃɹ̩i, ænd ɡejmɪŋ,
1308	communicating his own skill and aptitude in crime, or acquiring the lessons of greater adepts. He has access to newspapers, and of course	kəmjunəkejtɪŋ hɪz own skɪl ænd æptətud ɪn kɹajm, ɔɹ əkwajɹɪŋ ðə lɛsənz ʌv ɡɹejtɹ̩ ədɛpts. hi hæz æksɛs tə nuzpejpɹ̩z, ænd ʌv kɔɹs
1313	to be subjected to the same baneful influences, and to suffer the same moral deterioration, whether ultimately convicted or set free.	tə bi səbdʒɛktɪd tə ðə sejm bænfəl ɪnfluənsɪz, ænd tə sʌfɹ̩ ðə sejm mɔɹəl dɪtɪɹiɹ̩ejʃən, wɛðɹ̩ ʌltəmətli kənvɪktəd ɔɹ sɛt fɹi.
1439	After the construction and action of the machine had been explained, the doctor asked the governor what kind of men he had commanded at Goree,	æftɹ̩ ðə kənstɹʌkʃən ænd ækʃən ʌv ðə məʃin hæd bɪn ɪksplejnd, ðə dɑktɹ̩ æskt ðə ɡʌvɹ̩nɹ̩ wʌt kajnd ʌv mɛn hi hæd kəmændəd æt ɡɔɹi,
1474	Cries of Murder! murder! were now raised, and added greatly to the horrors of the scene.	kɹajz ʌv mɹ̩dɹ̩! mɹ̩dɹ̩! wɹ̩ naw ɹejzd, ænd ædəd ɡɹejtli tə ðə hɔɹɹ̩z ʌv ðə sin.
1487	Beware of entering the crowd! Remember thirty poor persons were pressed to death by the crowd when Haggerty and Holloway were executed!	bɪwɛɹ ʌv ɛntɹ̩ɪŋ ðə kɹawd! ɹɪmɛmbɹ̩ θɹ̩di pʊɹ pɹ̩sənz wɹ̩ pɹɛst tə dɛθ baj ðə kɹawd wɛn hæɡɹ̩ti ænd hɑlowwej wɹ̩ ɛksəkjutəd!
1505	the sounds of hammer and saw intermingled with the broad jeers and coarse jests of the rapidly increasing mob.	ðə sawndz ʌv hæmɹ̩ ænd sɔ ɪntɹ̩mɪŋɡəld wɪð ðə bɹɔd dʒiɹz ænd kɔɹs dʒɛsts ʌv ðə ɹæpədli ɪnkɹisɪŋ mɑb.
1515	Hush! the unceasing murmur of the mob now breaks into a loud deep roar,	hʌʃ! ðə ənsisɪŋ mɹ̩mɹ̩ ʌv ðə mɑb naw bɹejks ɪntu ə lawd dip ɹɔɹ,
1541	Judges on assize were satisfied with simply recording a sentence of death against offenders whom they did not think deserved the extreme penalty.	dʒʌdʒɪz ɑn əsajz wɹ̩ sætəsfajd wɪð sɪmpli ɹəkɔɹdɪŋ ə sɛntəns ʌv dɛθ əɡɛnst əfɛndɹ̩z hum ðej dɪd nɑt θɪŋk dɪzɹ̩vd ðə ɪkstɹim pɛnəlti.
1547	The absurdity of the system, its irregularity and cruelty, were fully touched upon by the inspectors of prisons in their first report.	ðə əbsɹ̩dəti ʌv ðə sɪstəm, ɪts ɪɹɛɡjəlɛɹəti ænd kɹulti, wɹ̩ fʊli tʌtʃt əpɑn baj ðə ɪnspɛktɹ̩z ʌv pɹɪzənz ɪn ðɛɹ fɹ̩st ɹipɔɹt.
1560	On one occasion, Mr. Wakefield tells us, the Recorder, who had attended the council at Windsor, did not deliver the report till the following day.	ɑn wʌn əkejʒən, mɪstɹ̩ wejkfild tɛlz ʌs, ðə ɹɪkɔɹdɹ̩, hu hæd ətɛndəd ðə kawnsəl æt wɪnzɹ̩, dɪd nɑt dɪlɪvɹ̩ ðə ɹipɔɹt tɪl ðə fɑlowɪŋ dej.
1605	he steps boldly with head upright, looks to the women's gallery, and smiles. His intention is to pass for a brave fellow,	hi stɛps bowldli wɪð hɛd əpɹajt, lʊks tə ðə wɪmɪnz ɡælɹ̩i, ænd smajlz. hɪz ɪntɛntʃən ɪz tə pæs fɔɹ ə bɹejv fɛlow,
1620	the lately smirking footmen close their eyes and forget their liveries, the ordinary clasps his hands, the turnkeys cry 'Hush!'	ðə lejtli smɹ̩kɪŋ fʊtmən klows ðɛɹ ajz ænd fɹ̩ɡɛt ðɛɹ lɪvɹ̩iz, ðə ɔɹdənɛɹi klæsps hɪz hændz, ðə tɹ̩ŋkiz kɹaj ʌʃ!
1631	The ordinary of Newgate is an orthodox, unaffected, Church of England divine,	ðə ɔɹdənɛɹi ʌv nuɡejt ɪz æn ɔɹθədɑks, ʌnəfɛktɪd, tʃɹ̩tʃ ʌv ɪŋɡlənd dɪvajn,
1640	But why should I repeat the whole?	bʌt waj ʃʊd aj ɹɪpit ðə howl?
1641	It is enough to say that in the same solemn tone he talks about the minutest of crimes, punishments, bonds, shame,	ɪt ɪz ɪnʌf tə sej ðæt ɪn ðə sejm sɑləm town hi tɔks əbawt ðə mɪnətəst ʌv kɹajmz, pʌnɪʃmənts, bɑndz, ʃejm,
1668	could any one, not disgusted with the religious ceremonials of Newgate, witness this scene without emotion?	kʊd ɛni wʌn, nɑt dɪsɡʌstəd wɪð ðə ɹɪlɪdʒəs sɛɹəmowniəlz ʌv nuɡejt, wɪtnəs ðɪs sin wɪθawt ɪmowʃən?
1670	But what are the feelings of those who take part in it?	bʌt wʌt ɑɹ ðə filɪŋz ʌv ðowz hu tejk pɑɹt ɪn ɪt?
1672	that many of the kneeling men or boys laughed while they knelt, pinched each other, and, when they could do so without fear of being seen by any officer of the prison,	ðæt mɛni ʌv ðə nilɪŋ mɛn ɔɹ bojz læft wajl ðej nɛlt, pɪntʃt itʃ ʌðɹ̩, ænd, wɛn ðej kʊd du sow wɪθawt fɪɹ ʌv biɪŋ sin baj ɛni ɔfəsɹ̩ ʌv ðə pɹɪzən,
1692	drawn to this terrible exhibition by the example of his father, the more celebrated Edmund Kean, who had witnessed the execution of Thistlewood	dɹɔn tə ðɪs tɛɹəbəl ɛksəbɪʃən baj ðə ɪɡzæmpəl ʌv hɪz fɑðɹ̩, ðə mɔɹ sɛləbɹejtəd ɛdmənd kin, hu hæd wɪtnəst ðə ɛksəkjuʃən ʌv θɪslwʊd
1755	Similar cases were not wanting as regards the executions before Newgate. Others were not less horrible, although there was no failure of apparatus.	sɪməlɹ̩ kejsəz wɹ̩ nɑt wɑntɪŋ æz ɹɪɡɑɹdz ðə ɛksəkjuʃənz bɪfɔɹ nuɡejt. ʌðɹ̩z wɹ̩ nɑt lɛs hɔɹəbəl, ɔlðow ðɛɹ wɑz now fejljɹ̩ ʌv æpɹ̩ætəs.
1794	One was Askern,	wʌn wɑz æskɹ̩n,
1846	But they proceeded in all seriousness, and would have shrunk from no outrage or atrocity in furtherance of their foolhardy enterprise.	bʌt ðej pɹəsidəd ɪn ɔl sɪɹiəsnəs, ænd wʊd hæv ʃɹʌŋk fɹʌm now awtɹejdʒ ɔɹ ətɹɑsəti ɪn fɹ̩θɹ̩əns ʌv ðɛɹ fulhɑɹdi ɛntɹ̩pɹajz.
1969	He went from Newgate first to Bethlehem, from which he was removed to Broadmoor on the opening of the great criminal lunatic asylum at that place.	hi wɛnt fɹʌm nuɡejt fɹ̩st tə bɛθlɪhɛm, fɹʌm wɪtʃ hi wɑz ɹimuvd tə bɹɔdmʊɹ ɑn ðə owpənɪŋ ʌv ðə ɡɹejt kɹɪmənəl lunətɪk əsajləm æt ðæt plejs.
2024	caused much excitement at the time on account of the magnitude of the fraud, and the seeming probity of the culprit.	kɑzd mʌtʃ ɪksajtmənt æt ðə tajm ɑn əkawnt ʌv ðə mæɡnətud ʌv ðə fɹɔd, ænd ðə simɪŋ pɹowbəti ʌv ðə kʌlpɹɪt.
2031	by the death of one of the partners, a large sum in cash had to be withdrawn from the bank to pay his heirs.	baj ðə dɛθ ʌv wʌn ʌv ðə pɑɹtnɹ̩z, ə lɑɹdʒ sʌm ɪn kæʃ hæd tə bi wɪθdɹɔn fɹʌm ðə bæŋk tə pej hɪz ɛɹz.
2060	Fauntleroy was scouted as a licentious libertine, a deep and determined gamester, a spendthrift whose extravagance knew no bounds.	fɔntlɹ̩oj wɑz skawtəd æz ə lajsɛntʃəs lɪbɹ̩tin, ə dip ænd dɪtɹ̩mənd ɡejmɛstɹ̩, ə spɛndθɹɪft huz ɪkstɹævəɡəns nu now bawndz.
2076	As I have already said, they took the chaplain seriously to task for the bad taste shown in the condemned sermon preached before Fauntleroy.	æz aj hæv ɔlɹɛdi sɛd, ðej tʊk ðə tʃæplən sɪɹiəsli tə tæsk fɔɹ ðə bæd tejst ʃown ɪn ðə kəndɛmd sɹ̩mən pɹitʃt bɪfɔɹ fɔntlɹ̩oj.
2136	Upon the third reading of this bill Sir James Macintosh moved as an amendment that capital punishment should be abolished for all crimes of forgery,	əpɑn ðə θɹ̩d ɹɛdɪŋ ʌv ðɪs bɪl sɹ̩ dʒejmz mækəntɔʃ muvd æz æn əmɛndmənt ðæt kæpətəl pʌnɪʃmənt ʃʊd bi əbɑlɪʃt fɔɹ ɔl kɹajmz ʌv fɔɹdʒɹ̩i,
2151	Edward Gibbon Wakefield, the prime mover in the abduction, was a barrister, not exactly briefless, but without a large practice.	ɛdwɹ̩d ɡɪbən wejkfild, ðə pɹajm muvɹ̩ ɪn ðə æbdʌkʃən, wɑz ə bæɹɪstɹ̩, nɑt ɪɡzæktli bɹifləs, bʌt wɪθawt ə lɑɹdʒ pɹæktəs.
2173	The fact was, Wakefield went on to say, an uncle of his had advanced Mr. Turner sixty thousand pounds, which had temporarily staved off ruin.	ðə fækt wɑz, wejkfild wɛnt ɑn tə sej, æn ʌŋkəl ʌv hɪz hæd ədvænst mɪstɹ̩ tɹ̩nɹ̩ sɪksti θawzənd pawndz, wɪtʃ hæd tɛmpɹ̩ɛɹəli stejvd ɔf ɹuən.
2207	spoke severely of the gross deception practiced upon an innocent girl, and sentenced the brothers each to three years' imprisonment,	spowk səvɪɹli ʌv ðə ɡɹows dɪsɛpʃən pɹæktəst əpɑn æn ɪnəsənt ɡɹ̩l, ænd sɛntənst ðə bɹʌðɹ̩z itʃ tə θɹi jɹ̩z ɪmpɹɪzənmənt,
2274	was a blind man named Edwards, who had taken this house in York Street, and who was known to be a frequent visitor at Mrs. Canning's.	wɑz ə blajnd mæn nejmd ɛdwɹ̩dz, hu hæd tejkən ðɪs haws ɪn jɔɹk stɹit, ænd hu wɑz nown tə bi ə fɹikwənt vɪzətɹ̩ æt majsɛs kænɪŋɡz.
2309	While thus incarcerated he managed to escape from custody, but not actually from jail, by an ingenious contrivance which is worth mentioning.	wajl ðʌs ɪnkɑɹsɹ̩ejtɪd hi mænədʒd tə ɪskejp fɹʌm kʌstədi, bʌt nɑt æktʃəwəli fɹʌm dʒejl, baj æn ɪndʒinjəs kəntɹajvəns wɪtʃ ɪz wɹ̩θ mɛnʃənɪŋ.
2324	He was, however, recognized, and ere long an order came out from home for his arrest and transfer to England,	hi wɑz, hawɛvɹ̩, ɹɛkəɡnajzd, ænd ɪɹ lɔŋ æn ɔɹdɹ̩ kejm awt fɹʌm howm fɔɹ hɪz ɹ̩ɛst ænd tɹænsfɹ̩ tə ɪŋɡlənd,
2462	and there was now evidence sufficient to establish conclusively that the woman thus collected piecemeal had been barbarously done to death.	ænd ðɛɹ wɑz naw ɛvədəns səfɪʃənt tə ɪstæblɪʃ kənklusɪvli ðæt ðə wʊmən ðʌs kəlɛktəd pismil hæd bɪn bɑɹbɹ̩əsli dʌn tə dɛθ.
2627	who came from his room ready dressed, a suspicious circumstance, as he was always late in the morning.	hu kejm fɹʌm hɪz ɹum ɹɛdi dɹɛst, ə səspɪʃəs sɹ̩kəmstæns, æz hi wɑz ɔlwejz lejt ɪn ðə mɔɹnɪŋ.
2635	Upstairs in the bedroom a rouleaux box for sovereigns had been broken open,	əpstɛɹz ɪn ðə bɛdɹum ə ɹulə bɑks fɔɹ sɑvɹənz hæd bɪn bɹowkən owpən,
2682	At the constable's cry of alarm Good rushed from the stable and locked the door behind him.	æt ðə kənstəbəlɛz kɹaj ʌv əlɑɹm ɡʊd ɹʌʃt fɹʌm ðə stejbəl ænd lɑkt ðə dɔɹ bɪhajnd hɪm.
2808	After judgment was passed she repeatedly cried out Shame!	æftɹ̩ dʒʌdʒmənt wɑz pæst ʃi ɹɪpitɪdli kɹajd awt ʃejm!
2844	secure the stock of watches and jewelry, then lock up the place and take on the keys to Mr. Berry's private house in Pimlico.	sɪkjʊɹ ðə stɑk ʌv wɑtʃəz ænd dʒuəlɹi, ðɛn lɑk ʌp ðə plejs ænd tejk ɑn ðə kiz tə mɪstɹ̩ bɛɹɪz pɹajvət haws ɪn pɪmləkow.
2885	which followed each other at no long intervals, which had a strong family likeness, and originated all of them to make money easily,	wɪtʃ fɑlowd itʃ ʌðɹ̩ æt now lɔŋ ɪntɹ̩vəlz, wɪtʃ hæd ə stɹɔŋ fæməli lajknəs, ænd ɹ̩ɪdʒənejtəd ɔl ʌv ðɛm tə mejk mʌni izəli,
2942	In this way he obtained vast sums from several firms, and one to which he was indebted upwards of fifty thousand pounds subsequently stopped payment.	ɪn ðɪs wej hi əbtejnd væst sʌmz fɹʌm sɛvɹəl fɹ̩mz, ænd wʌn tə wɪtʃ hi wɑz ɪndɛtəd ʌpwɹ̩dz ʌv fɪfti θawzənd pawndz sʌbsəkwəntli stɑpt pejmənt.
2959	Cole found out where they were, and redeemed them at a heavy outlay, thus obtaining business relations with the firm that held them,	kowl fawnd awt wɛɹ ðej wɹ̩, ænd ɹɪdimd ðɛm æt ə hɛvi awtlej, ðʌs əbtejnɪŋ bɪznəs ɹilejʃənz wɪð ðə fɹ̩m ðæt hɛld ðɛm,
3016	one at least of which, 'Love and Loyalty,' with Wallack in a leading part, achieved a certain success.	wʌn æt list ʌv wɪtʃ, lowv ænd lojəlti, wɪð wɔlək ɪn ə lidɪŋ pɑɹt, ətʃivd ə sɹ̩tən səksɛs.
3069	had assets in the shape of land, house, furniture, pictures, and objets d'art to the value of fifty thousand pounds.	hæd æsɛts ɪn ðə ʃejp ʌv lænd, haws, fɹ̩nɪtʃɹ̩, pɪktʃɹ̩z, ænd əbjɛts dɑɹt tə ðə vælju ʌv fɪfti θawzənd pawndz.
3118	but were the precautions too minute, the vigilance too close to be eluded or overcome?	bʌt wɹ̩ ðə pɹikɔʃənz tu mɪnut, ðə vɪdʒələns tu klows tə bi ɪludɪd ɔɹ owvɹ̩kʌm?
3142	and last, but not least, Agar frequently traveled up and down the line to test the false keys he had manufactured with Pierce's assistance.	ænd læst, bʌt nɑt list, ejɡɹ̩ fɹikwəntli tɹævəld ʌp ænd dawn ðə lajn tə tɛst ðə fɔls kiz hi hæd mænjəfæktʃɹ̩d wɪð pɪɹsɛz əsɪstəns.
3239	running a great risk of discovery as he passed by a lot of workmen at Tyler's manufactory in Warwick Square, which had formerly been the College of Physicians.	ɹʌnɪŋ ə ɡɹejt ɹɪsk ʌv dɪskʌvɹ̩i æz hi pæst baj ə lɑt ʌv wɹ̩kmɪn æt tajlɹ̩z mænjəfæktɹ̩i ɪn wɔɹwɪk skwɛɹ, wɪtʃ hæd fɔɹmɹ̩li bɪn ðə kɑlɪdʒ ʌv fəzɪʃənz.
3247	he tramped across London Bridge to Wandsworth, where he refreshed himself with a pint of strong ale, the first sustenance he had taken since his escape,	hi tɹæmpt əkɹɔs lʌndən bɹɪdʒ tə wɑndzwɹ̩θ, wɛɹ hi ɹifɹɛʃt hɪmsɛlf wɪð ə pajnt ʌv stɹɔŋ ejl, ðə fɹ̩st sʌstənəns hi hæd tejkən sɪns hɪz ɪskejp,
3260	the fugitive, uncomfortably ensconced in the flue, came down of his own accord, like Colonel Colt's raccoon.	ðə fjudʒətɪv, ənkʌmftəbli ɪnskɑnst ɪn ðə flu, kejm dawn ʌv hɪz own əkɔɹd, lajk kɹ̩nəl kowltz ɹækun.
3284	The doors, through incomplete knowledge of prison needs, were not, as now, sheeted with iron.	ðə dɔɹz, θɹu ɪnkəmplit nɑlədʒ ʌv pɹɪzən nidz, wɹ̩ nɑt, æz naw, ʃitɪd wɪð ajɹ̩n.
3347	without favoring father or mother or any other relation or friend.	wɪθawt fejvɹ̩ɪŋ fɑðɹ̩ ɔɹ mʌðɹ̩ ɔɹ ɛni ʌðɹ̩ ɹilejʃən ɔɹ fɹɛnd.
3367	Calcraft shared the odium which his office, not strangely, has always inspired. But he was admitted into the jail,	kælkɹæft ʃɛɹd ðə owdiəm wɪtʃ hɪz ɔfəs, nɑt stɹejndʒli, hæz ɔlwejz ɪnspajɹ̩d. bʌt hi wɑz ədmɪtəd ɪntu ðə dʒejl,
3452	The ceremony, which was witnessed by only a few officials and representatives of the press, was performed with the utmost decency and decorum.	ðə sɛɹəmowni, wɪtʃ wɑz wɪtnəst baj ownli ə fju əfɪʃəlz ænd ɹɛpɹəzɛntətɪvz ʌv ðə pɹɛs, wɑz pɹ̩fɔɹmd wɪð ðə ʌtmowst disənsi ænd dɪkɔɹəm.
3475	The older officers, with several of whom I have conversed, have thus had unusual opportunities of watching the demeanor of murderers both before trial	ðə owldɹ̩ ɔfəsɹ̩z, wɪð sɛvɹəl ʌv hum aj hæv kənvɹ̩st, hæv ðʌs hæd ənjuʒəwəl ɑpɹ̩tunətiz ʌv wɑtʃɪŋ ðə dɪminɹ̩ ʌv mɹ̩dɹ̩ɹ̩z bowθ bɪfɔɹ tɹajəl
3481	when the first shock of the verdict and the solemn notification of the impending blow keeps nearly all awake, or at least disturbs their night's rest.	wɛn ðə fɹ̩st ʃɑk ʌv ðə vɹ̩dɪkt ænd ðə sɑləm nowtəfəkejʃən ʌv ðə ɪmpɛndɪŋ blow kips nɪɹli ɔl əwejk, ɔɹ æt list dɪstɹ̩bz ðɛɹ najtz ɹɛst.
3511	Kate Webster, who was tried at the Central Criminal Court, and passed through Newgate, although she suffered at Wandsworth,	kejt wɛbstɹ̩, hu wɑz tɹajd æt ðə sɛntɹəl kɹɪmənəl kɔɹt, ænd pæst θɹu nuɡejt, ɔlðow ʃi sʌfɹ̩d æt wɑndzwɹ̩θ,
3525	Often the convicts give way to despair. They are too closely watched to be allowed to do themselves much mischief, or suicides would probably be more frequent.	ɔfən ðə kɑnvɪkts ɡɪv wej tə dɪspɛɹ. ðej ɑɹ tu klowsli wɑtʃt tə bi əlawd tə du ðɛmsɛlvz mʌtʃ mɪstʃəf, ɔɹ suəsajdz wʊd pɹɑbəbli bi mɔɹ fɹikwənt.
3594	His brother was supposed to have been his next victim, upon whose life he had also effected an insurance for another thirteen thousand pounds.	hɪz bɹʌðɹ̩ wɑz səpowzd tə hæv bɪn hɪz nɛkst vɪktəm, əpɑn huz lajf hi hæd ɔlsow ɪfɛktəd æn ɪnʃʊɹəns fɔɹ ənʌðɹ̩ θɹ̩tin θawzənd pawndz.
3645	Within a few weeks occurred the Leeds poisoning case, in which the murderer undoubtedly was inspired by the facts made public at Palmer's trial.	wɪðɪn ə fju wiks əkɹ̩d ðə lidz pojzənɪŋ kejs, ɪn wɪtʃ ðə mɹ̩dɹ̩ɹ̩ əndawtɪdli wɑz ɪnspajɹ̩d baj ðə fækts mejd pʌblɪk æt pɑmɹ̩z tɹajəl.
3738	A farmer took them in for the night, and drove them next day to Rocha, a place north of Maldonado.	ə fɑɹmɹ̩ tʊk ðɛm ɪn fɔɹ ðə najt, ænd dɹowv ðɛm nɛkst dej tə ɹowkə, ə plejs nɔɹθ ʌv mældənɑdow.
3783	and accompanied by Mr. Death the jeweler and the cabman, went down to Liverpool and took the first steamer across the Atlantic.	ænd əkʌmpənid baj mɪstɹ̩ dɛθ ðə dʒuəlɹ̩ ænd ðə kæbmən, wɛnt dawn tə lɪvɹ̩pul ænd tʊk ðə fɹ̩st stimɹ̩ əkɹɔs ðə ətlæntɪk.
3826	His demeanor immediately preceding his execution I have referred to in the last chapter.	hɪz dɪminɹ̩ ɪmidiətli pɹisidɪŋ hɪz ɛksəkjuʃən aj hæv ɹəfɹ̩d tə ɪn ðə læst tʃæptɹ̩.
3844	It was one of these, Glendinning, who had allowed himself to be utilized for some time in this way, whose capture led to the breaking up of the gang.	ɪt wɑz wʌn ʌv ðiz, ɡlɛndɪnɪŋ, hu hæd əlawd hɪmsɛlf tə bi jutəlajzd fɔɹ sʌm tajm ɪn ðɪs wej, huz kæptʃɹ̩ lɛd tə ðə bɹejkɪŋ ʌp ʌv ðə ɡæŋ.
3851	His offer was not, however, accepted.	hɪz ɔfɹ̩ wɑz nɑt, hawɛvɹ̩, æksɛptɪd.
3880	Buncher in London, and Griffiths in Birmingham.	bʌntʃɹ̩ ɪn lʌndən, ænd ɡɹɪfɪθs ɪn bɹ̩mɪŋhæm.
3963	Mrs. Tarpey was almost immediately captured and put on her trial, but she was acquitted on the plea that she had acted under the coercion of her husband.	majsɛs tɑɹpi wɑz ɔlmowst ɪmidiətli kæptʃɹ̩d ænd pʊt ɑn hɹ̩ tɹajəl, bʌt ʃi wɑz əkwɪtəd ɑn ðə pli ðæt ʃi hæd æktəd ʌndɹ̩ ðə kowɹ̩ʃən ʌv hɹ̩ hʌzbənd.
3979	that his transactions at Birmingham would shortly be very large, owing to the development of his business there in the alleged manufacture of Pullman cars.	ðæt hɪz tɹænzækʃənz æt bɹ̩mɪŋhæm wʊd ʃɔɹtli bi vɛɹi lɑɹdʒ, owɪŋ tə ðə dɪvɛləpmənt ʌv hɪz bɪznəs ðɛɹ ɪn ðə əlɛdʒd mænjəfæktʃɹ̩ ʌv pʊlmən kɑɹz.
4036	her object being first to dispose of the wife of a man for whom she had conceived a guilty passion,	hɹ̩ ɑbdʒɛkt biɪŋ fɹ̩st tə dɪspowz ʌv ðə wajf ʌv ə mæn fɔɹ hum ʃi hæd kənsivd ə ɡɪlti pæʃən,
4101	The south and west of England were also very laggard, and many years were still to elapse before the prisons in these parts were properly reconstituted.	ðə sawθ ænd wɛst ʌv ɪŋɡlənd wɹ̩ ɔlsow vɛɹi læɡɹ̩d, ænd mɛni jɪɹz wɹ̩ stɪl tə ɪlæps bɪfɔɹ ðə pɹɪzənz ɪn ðiz pɑɹts wɹ̩ pɹɑpɹ̩li ɹikɑnstətutɪd.
4114	Prison chaplains of experience and high repute, such as Messrs. Field, Clay, Kingsmill, Burt, and Osborne, also advocated it.	pɹɪzən tʃæplənz ʌv ɪkspɪɹiəns ænd haj ɹipjut, sʌtʃ æz mɛsɹ̩z. fild, klej, kɪŋsmɪl, bɹ̩t, ænd ɔzbɔɹn, ɔlsow ædvəkejtəd ɪt.
4147	His plan was to devote the whole labor of prisoners sentenced to any term between three months and four years to agriculture.	hɪz plæn wɑz tə dɪvowt ðə howl lejbɹ̩ ʌv pɹɪzənɹ̩z sɛntənst tə ɛni tɹ̩m bɪtwin θɹi mʌnθs ænd fɔɹ jɪɹz tə æɡɹɪkʌltʃɹ̩.
4154	anticipating the best results from a system which made earnings, and indeed release, dependent upon the amount of work done.	æntɪsəpejtɪŋ ðə bɛst ɹɪzʌlts fɹʌm ə sɪstəm wɪtʃ mejd ɹ̩nɪŋz, ænd ɪndid ɹilis, dɪpɛndənt əpɑn ðə əmawnt ʌv wɹ̩k dʌn.
4187	If any disturbance reached his ears, he reported the case to the governor, who next morning visited the ward in fault, and asked for the culprit.	ɪf ɛni dɪstɹ̩bəns ɹitʃt hɪz ɪɹz, hi ɹipɔɹtəd ðə kejs tə ðə ɡʌvɹ̩nɹ̩, hu nɛkst mɔɹnɪŋ vɪzətəd ðə wɔɹd ɪn fɔlt, ænd æskt fɔɹ ðə kʌlpɹɪt.
4192	were constructed on the landings, ensconced in which warders spent the night, on duty, and alert to watch the sleepers below,	wɹ̩ kənstɹʌktəd ɑn ðə lændɪŋz, ɪnskɑnst ɪn wɪtʃ wɔɹdɹ̩z spɛnt ðə najt, ɑn duti, ænd əlɹ̩t tə wɑtʃ ðə slipɹ̩z bɪlow,
4210	provided it was henceforth used only for untried prisoners, suggested that Newgate should be entirely reconstructed, and the new building adopted as a model.	pɹəvajdəd ɪt wɑz hɛnsfɔɹθ juzd ownli fɔɹ əntɹajd pɹɪzənɹ̩z, səɡdʒɛstəd ðæt nuɡejt ʃʊd bi ɪntajɹ̩li ɹikənstɹʌktɪd, ænd ðə nu bɪldɪŋ ədɑptəd æz ə mɑdəl.
4253	Newgate naturally shared in any advantages due to these reforms. I propose, therefore, to refer to them in the concluding pages of this work,	nuɡejt nætʃɹ̩əli ʃɛɹd ɪn ɛni ædvæntɪdʒɪz du tə ðiz ɹəfɔɹmz. aj pɹəpowz, ðɛɹfɔɹ, tə ɹəfɹ̩ tə ðɛm ɪn ðə kənkludɪŋ pejdʒəz ʌv ðɪs wɹ̩k,
4320	The books and journals he was to keep were minutely specified, and his constant presence in or near the jail was insisted upon.	ðə bʊks ænd dʒɹ̩nəlz hi wɑz tə kip wɹ̩ mɪnətli spɛsəfajd, ænd hɪz kɑnstənt pɹɛzəns ɪn ɔɹ nɪɹ ðə dʒejl wɑz ɪnsɪstəd əpɑn.
4349	to avail himself of his powers, as it was difficult to bring home the derelictions of duties and evasion of the acts. Too much was left to the inspectors.	tə əvejl hɪmsɛlf ʌv hɪz pawɹ̩z, æz ɪt wɑz dɪfəkəlt tə bɹɪŋ howm ðə dɛɹəlɪkʃənz ʌv dutiz ænd ɪvejʒən ʌv ðə ækts. tu mʌtʃ wɑz lɛft tə ðə ɪnspɛktɹ̩z.
4385	Wash out the bowl with a little lukewarm water and add this to the dough. If it should prove too soft, work in, cautiously, a little more flour.	wɑʃ awt ðə bowl wɪð ə lɪtəl lukwɔɹm wɔtɹ̩ ænd æd ðɪs tə ðə dow. ɪf ɪt ʃʊd pɹuv tu sɑft, wɹ̩k ɪn, kɔʃəsli, ə lɪtəl mɔɹ flawɹ̩.
4446	Unless it is too hot, they will get no harm while you finish dressing in ten minutes, just in season to turn the pan.	ənlɛs ɪt ɪz tu hɑt, ðej wɪl ɡɛt now hɑɹm wajl ju fɪnɪʃ dɹɛsɪŋ ɪn tɛn mɪnəts, dʒʌst ɪn sizən tə tɹ̩n ðə pæn.
4502	Under its guidance, trades and industries covering over ninety percent of all industrial employees	ʌndɹ̩ ɪts ɡajdəns, tɹejdz ænd ɪndəstɹiz kʌvɹ̩ɪŋ owvɹ̩ najnti pɹ̩sɛnt ʌv ɔl ɪndʌstɹiəl ɛmplojiz
4566	who denies freedom of organization to his employees, or fails to make every reasonable effort at a peaceful solution of their differences,	hu dɪnajz fɹidəm ʌv ɔɹɡənəzejʃən tə hɪz ɛmplojiz, ɔɹ fejlz tə mejk ɛvɹ̩i ɹizənəbəl ɛfɹ̩t æt ə pisfəl səluʃən ʌv ðɛɹ dɪfɹ̩ənsɪz,
4595	What may be necessary for those countries is not my responsibility to determine.	wʌt mej bi nɛsəsɛɹi fɔɹ ðowz kʌntɹiz ɪz nɑt maj ɹispɑnsəbɪləti tə dətɹ̩mən.
4599	we must make it a national principle that we will not tolerate a large army of unemployed and that we will arrange our national economy	wi mʌst mejk ɪt ə næʃənəl pɹɪnsəpəl ðæt wi wɪl nɑt tɑlɹ̩ejt ə lɑɹdʒ ɑɹmi ʌv ʌnɛmplojd ænd ðæt wi wɪl ɹ̩ejndʒ awɹ̩ næʃənəl ɪkɑnəmi
4626	More than twenty years ago, when Theodore Roosevelt and Woodrow Wilson were attempting to correct abuses in our national life,	mɔɹ ðæn twɛnti jɪɹz əɡow, wɛn θiədɔɹ ɹowzəvɛlt ænd wʊdɹow wɪlsən wɹ̩ ətɛmptɪŋ tə kɹ̩ɛkt əbjusəz ɪn awɹ̩ næʃənəl lajf,
4683	The program for social security now pending before the Congress is a necessary part of the future unemployment policy of the government.	ðə pɹowɡɹæm fɔɹ sowʃəl sɪkjʊɹəti naw pɛndɪŋ bɪfɔɹ ðə kɑŋɡɹəs ɪz ə nɛsəsɛɹi pɑɹt ʌv ðə fjutʃɹ̩ ʌnɪmplojmənt pɑləsi ʌv ðə ɡʌvɹ̩mənt.
4882	In the last four years the sound rule of giving statutes the benefit of all reasonable doubt has been cast aside.	ɪn ðə læst fɔɹ jɪɹz ðə sawnd ɹul ʌv ɡɪvɪŋ stætʃuts ðə bɛnəfɪt ʌv ɔl ɹizənəbəl dawt hæz bɪn kæst əsajd.
4940	This plan will save our national Constitution from hardening of the judicial arteries.	ðɪs plæn wɪl sejv awɹ̩ næʃənəl kɑnstətuʃən fɹʌm hɑɹdənɪŋ ʌv ðə dʒudɪʃəl ɑɹtɹ̩iz.
4966	that I will appoint justices who will act as justices and not as legislators	ðæt aj wɪl əpojnt dʒʌstəsəz hu wɪl ækt æz dʒʌstəsəz ænd nɑt æz lɛdʒəslejtɹ̩z
4985	I propose that hereafter, when a judge reaches the age of seventy,	aj pɹəpowz ðæt hɪɹæftɹ̩, wɛn ə dʒʌdʒ ɹitʃəz ðə ejdʒ ʌv sɛvənti,
4992	Like all lawyers, like all Americans, I regret the necessity of this controversy.	lajk ɔl lɔjɹ̩z, lajk ɔl əmɛɹəkənz, aj ɹəɡɹɛt ðə nəsɛsəti ʌv ðɪs kɑntɹəvɹ̩si.
5050	so much so as to require discussion in different treatises.	sow mʌtʃ sow æz tə ɹikwajɹ̩ dɪskʌʃən ɪn dɪfɹ̩ənt tɹitəsəz.
5052	for in the past fifty years it has been made evident that in general principles all living things are fundamentally similar.	fɔɹ ɪn ðə pæst fɪfti jɪɹz ɪt hæz bɪn mejd ɛvədənt ðæt ɪn dʒɛnɹ̩əl pɹɪnsəpəlz ɔl lɪvɪŋ θɪŋz ɑɹ fʌndəmɛntəli sɪməlɹ̩.
5075	while in plants nitrogen is only accidentally joined with the three other fundamental constituents of organic beings	wajl ɪn plænts najtɹədʒən ɪz ownli æksədɛntəli dʒojnd wɪð ðə θɹi ʌðɹ̩ fʌndəmɛntəl kənstɪtʃuənts ʌv ɔɹɡænɪk biɪŋz
5090	by the introduction of exact and easily manageable methods of conducting the chemical analysis of organic compounds and finally	baj ðə ɪntɹədʌkʃən ʌv ɪɡzækt ænd izəli mænɪdʒəbəl mɛθədz ʌv kəndʌktɪŋ ðə kɛməkəl ənæləsəs ʌv ɔɹɡænɪk kɑmpawndz ænd fajnəli
5129	yet the exact researches of the modern chemical investigators of the physiological processes of plants have clearly demonstrated the fallacy	jɛt ðə ɪɡzækt ɹisɹ̩tʃɪz ʌv ðə mɑdɹ̩n kɛməkəl ɪnvɛstəɡejtɹ̩z ʌv ðə fɪziəlɑdʒɪkəl pɹɑsɛsəz ʌv plænts hæv klɪɹli dɛmənstɹejtəd ðə fæləsi
5182	Neither protein, nor fat, nor starch, nor sugar, nor any substance in the slightest degree resembling them has formed part of the food of the bean.	niðɹ̩ pɹowtin, nɔɹ fæt, nɔɹ stɑɹtʃ, nɔɹ ʃʊɡɹ̩, nɔɹ ɛni sʌbstəns ɪn ðə slajtəst dɪɡɹi ɹɪzɛmbəlɪŋ ðɛm hæz fɔɹmd pɑɹt ʌv ðə fud ʌv ðə bin.
5249	often in the form of granules embedded in the chlorophyll bodies and free oxygen, most of which is returned to the atmosphere.	ɔfən ɪn ðə fɔɹm ʌv ɡɹænəlz ɛmbɛdɪd ɪn ðə klɔɹəfɪl bɑdiz ænd fɹi ɑksədʒən, mowst ʌv wɪtʃ ɪz ɹɪtɹ̩nd tə ðə ætməsfɪɹ.
5274	are directly oxidized to excretions and, lacking nitrogen, cannot serve for making new animal protoplasm.	ɑɹ dɹ̩ɛktli ɑksədajzd tə ɛkskɹiʃənz ænd, lækɪŋ najtɹədʒən, kænɑt sɹ̩v fɔɹ mejkɪŋ nu ænəməl pɹowtəplæzəm.
5325	which in some fashion presides over all the movements of the protoplasm and is the physical basis of the phenomena of heredity.	wɪtʃ ɪn sʌm fæʃən pɹɪzajdz owvɹ̩ ɔl ðə muvmənts ʌv ðə pɹowtəplæzəm ænd ɪz ðə fɪzɪkəl bejsəs ʌv ðə fənɑmənə ʌv hɹ̩ɛdəti.
5391	it will be suffered to dwindle away in successive generations, under the influence of certain natural causes.	ɪt wɪl bi sʌfɹ̩d tə dwɪndəl əwej ɪn səksɛsɪv dʒɛnɹ̩ejʃənz, ʌndɹ̩ ðə ɪnfluəns ʌv sɹ̩tən nætʃɹ̩əl kɑzəz.
5411	that such a recapitulation in the life history of an existing animal of developmental changes successively distinctive of sundry allied,	ðæt sʌtʃ ə ɹikæpɪtʃəlejʃən ɪn ðə lajf hɪstɹ̩i ʌv æn ɪɡzɪstɪŋ ænəməl ʌv dɪvɛləpmɛntəl tʃejndʒəz səksɛsɪvli dɪstɪŋktɪv ʌv sʌndɹi əlajd,
5424	Now, the lower forms of amphibians, such as siredon, menobranchus, siren, etc.,	naw, ðə lowɹ̩ fɔɹmz ʌv æmfɪbiənz, sʌtʃ æz sajɹ̩dən, mɛnəbɹɑntʃɪs, sajɹən, ɛtsɛtɹ̩ə.,
5458	Babylon, even in the days of Nebuchadnezzar, was an old, old city.	bæbəlɑn, ivən ɪn ðə dejz ʌv nɛbəʃædntsɹ̩, wɑz æn owld, owld sɪti.
5497	The museum authorities believed that the cameo was one of the many spurious objects which the Eastern forgers were constantly sending to Europe,	ðə mjuziəm əθɔɹətiz bɪlivd ðæt ðə kæmiow wɑz wʌn ʌv ðə mɛni spjʊɹiəs ɑbdʒɛkts wɪtʃ ðə istɹ̩n fɔɹdʒɹ̩z wɹ̩ kɑnstəntli sɛndɪŋ tə jʊɹəp,
5552	The city wall is brought down on both sides to the edge of the stream,	ðə sɪti wɔl ɪz bɹɔt dawn ɑn bowθ sajdz tə ðə ɛdʒ ʌv ðə stɹim,
5591	On the sixteenth day the troops of Cyrus entered Babylon without a battle.	ɑn ðə sɪkstinθ dej ðə tɹups ʌv sajɹəs ɛntɹ̩d bæbəlɑn wɪθawt ə bætəl.
5842	Moreover, he looked forward to the public appearances which he personally enjoyed. The basic decision on the November trip to Texas was made at a meeting of President Kennedy,	mɔɹowvɹ̩, hi lʊkt fɔɹwɹ̩d tə ðə pʌblɪk əpɪɹənsəz wɪtʃ hi pɹ̩sənəli ɛndʒojd. ðə bejsɪk dɪsɪʒən ɑn ðə nowvɛmbɹ̩ tɹɪp tə tɛksəs wɑz mejd æt ə mitɪŋ ʌv pɹɛzədɛnt kɛnədi,
5896	In addition to the preventive measures already mentioned, they provided for controlling access to the building, closing off and policing areas around it,	ɪn ədɪʃən tə ðə pɹɪvɛntɪv mɛʒɹ̩z ɔlɹɛdi mɛnʃənd, ðej pɹəvajdəd fɔɹ kəntɹowlɪŋ æksɛs tə ðə bɪldɪŋ, klowzɪŋ ɔf ænd pəlisɪŋ ɛɹiəz ɹ̩awnd ɪt,
5974	Increased concern about the President's visit was aroused by the incident involving the U.S. Ambassador to the United Nations, Adlai E. Stevenson.	ɪnkɹist kənsɹ̩n əbawt ðə pɹɛzədəntz vɪzət wɑz ɹ̩awzd baj ðə ɪnsədənt ɪnvɑlvɪŋ ðə ju.ɛs. æmbæsədɹ̩ tə ðə junajtəd nejʃənz, ɑdlɑi i. stivənsən.
6080	From Main Street the motorcade turned right and went north on Houston Street, passing tall buildings on the right,	fɹʌm mejn stɹit ðə mowtɹ̩kejd tɹ̩nd ɹajt ænd wɛnt nɔɹθ ɑn hjustən stɹit, pæsɪŋ tɔl bɪldɪŋz ɑn ðə ɹajt,
6140	Special Agent Hill was scanning the few people standing on the south side of Elm Street after the motorcade had turned off Houston Street.	spɛʃəl ejdʒənt hɪl wɑz skænɪŋ ðə fju pipəl stændɪŋ ɑn ðə sawθ sajd ʌv ɛlm stɹit æftɹ̩ ðə mowtɹ̩kejd hæd tɹ̩nd ɔf hjustən stɹit.
6281	Jack Brooks, Homer Thornberry, and Albert Thomas joined Clifton C. Carter and the group of special agents protecting the Vice President.	dʒæk bɹʊks, howmɹ̩ θɔɹnbɛɹi, ænd ælbɹ̩t tɑməs dʒojnd klɪftən si. kɑɹtɹ̩ ænd ðə ɡɹup ʌv spɛʃəl ejdʒənts pɹətɛktɪŋ ðə vajs pɹɛzədɛnt.
6283	Concern that the Vice President might also be a target for assassination prompted the Secret Service agents to urge him to leave the hospital and return to Washington immediately.	kənsɹ̩n ðæt ðə vajs pɹɛzədɛnt majt ɔlsow bi ə tɑɹɡət fɔɹ əsæsənejʃən pɹɑmptəd ðə sikɹət sɹ̩vəs ejdʒənts tə ɹ̩dʒ hɪm tə liv ðə hɑspɪtəl ænd ɹɪtɹ̩n tə wɑʃɪŋtən ɪmidiətli.
6291	On the recommendation of the Secret Service agents, Vice President Johnson decided to board the Presidential airplane, Air Force One,	ɑn ðə ɹɛkəməndejʃən ʌv ðə sikɹət sɹ̩vəs ejdʒənts, vajs pɹɛzədɛnt dʒɑnsən dɪsajdɪd tə bɔɹd ðə pɹɛzədɛntʃəl ɛɹplejn, ɛɹ fɔɹs wʌn,
6303	As soon as one of the agents learned of the shooting, he asked the officer in charge of the police detail at the airport	æz sun æz wʌn ʌv ðə ejdʒənts lɹ̩nd ʌv ðə ʃutɪŋ, hi æskt ðə ɔfəsɹ̩ ɪn tʃɑɹdʒ ʌv ðə pəlis dɪtejl æt ðə ɛɹpɔɹt
6312	Chief Curry drove one automobile occupied by Vice President Johnson, U.S. Representatives Thomas and Thornberry, and Special Agent Youngblood.	tʃif kʌɹi dɹowv wʌn ɔtəmowbil ɑkjəpajd baj vajs pɹɛzədɛnt dʒɑnsən, ju.ɛs. ɹɛpɹəzɛntətɪvz tɑməs ænd θɔɹnbɛɹi, ænd spɛʃəl ejdʒənt jʌŋblʌd.
6382	the scope was mounted on the rifle by a gunsmith employed by Klein's, and the rifle was shipped fully assembled in accordance with customary company procedures.	ðə skowp wɑz mawntəd ɑn ðə ɹajfəl baj ə ɡʌnsmɪθ ɛmplojd baj klajnz, ænd ðə ɹajfəl wɑz ʃɪpt fʊli əsɛmbəld ɪn əkɔɹdəns wɪð kʌstəmɛɹi kʌmpəni pɹəsidʒɹ̩z.
6402	Experts on questioned documents from the Treasury Department and the FBI testified that the Hidell cards were counterfeit photographic reproductions	ɛkspɹ̩ts ɑn kwɛstʃənd dɑkjəmənts fɹʌm ðə tɹɛʒɹ̩i dɪpɑɹtmənt ænd ðə ɛf bi aj tɛstəfajd ðæt ðə hajdəl kɑɹdz wɹ̩ kawntɹ̩fɪt fowtəɡɹæfɪk ɹipɹədʌkʃənz
6446	fingerprint expert with the New York City Police Department, conducted an independent examination and also determined that this was the right palmprint of Oswald.	fɪŋɡɹ̩pɹɪnt ɛkspɹ̩t wɪð ðə nu jɔɹk sɪti pəlis dɪpɑɹtmənt, kəndʌktəd æn ɪndɪpɛndənt ɪɡzæmənejʃən ænd ɔlsow dɪtɹ̩mənd ðæt ðɪs wɑz ðə ɹajt pælmpɹɪnt ʌv ɔzwɔld.
6601	After entering the car, Frazier glanced over his shoulder and noticed a brown paper package on the back seat.	æftɹ̩ ɛntɹ̩ɪŋ ðə kɑɹ, fɹejʒɹ̩ ɡlænst owvɹ̩ hɪz ʃowldɹ̩ ænd nowtəst ə bɹawn pejpɹ̩ pækədʒ ɑn ðə bæk sit.
6661	Furthermore, it was consistent with the bag having contained a heavy or bulky object when he handled it since a light object is usually held by the fingers.	fɹ̩ðɹ̩mɔɹ, ɪt wɑz kənsɪstənt wɪð ðə bæɡ hævɪŋ kəntejnd ə hɛvi ɔɹ bʌlki ɑbdʒɛkt wɛn hi hændəld ɪt sɪns ə lajt ɑbdʒɛkt ɪz juʒəwəli hɛld baj ðə fɪŋɡɹ̩z.
6675	had the same observable characteristics both under the microscope and all the visual tests that I could conduct.	hæd ðə sejm əbzɹ̩vəbəl kɛɹəktɹ̩ɪstɪks bowθ ʌndɹ̩ ðə majkɹəskowp ænd ɔl ðə vɪʒəwəl tɛsts ðæt aj kʊd kʌndəkt.
6691	The single brown viscose fiber found in the bag matched some of the brown viscose fibers from the blanket in all observable characteristics.	ðə sɪŋɡəl bɹawn viskowz fajbɹ̩ fawnd ɪn ðə bæɡ mætʃt sʌm ʌv ðə bɹawn viskowz fajbɹ̩z fɹʌm ðə blæŋkət ɪn ɔl əbzɹ̩vəbəl kɛɹəktɹ̩ɪstɪks.
6754	none of these employees except Oswald left identifiable prints on the cartons.	nʌn ʌv ðiz ɛmplojiz ɪksɛpt ɔzwɔld lɛft ajdɛntəfajəbəl pɹɪnts ɑn ðə kɑɹtənz.
6847	he saw nothing of importance, quote, except maybe one individual who was up there in the corner room of the sixth floor which was crowded in among boxes, end quote.	hi sɔ nʌθɪŋ ʌv ɪmpɔɹtəns, kwowt, ɪksɛpt mejbi wʌn ɪndəvɪdʒəwəl hu wɑz ʌp ðɛɹ ɪn ðə kɔɹnɹ̩ ɹum ʌv ðə sɪksθ flɔɹ wɪtʃ wɑz kɹawdəd ɪn əmʌŋ bɑksəz, ɛnd kwowt.
6859	A Secret Service agent who spoke to Euins approximately twenty to thirty minutes after the assassination	ə sikɹət sɹ̩vəs ejdʒənt hu spowk tə uɪnz əpɹɑksəmətli twɛnti tə θɹ̩di mɪnəts æftɹ̩ ðə əsæsənejʃən
6904	As Baker reached the second floor, he was about twenty feet from the vestibule door. He intended to continue around to his left toward the stairway going up	æz bejkɹ̩ ɹitʃt ðə sɛkənd flɔɹ, hi wɑz əbawt twɛnti fit fɹʌm ðə vɛstɪbjul dɔɹ. hi ɪntɛndəd tə kəntɪnju ɹ̩awnd tə hɪz lɛft təwɔɹd ðə stɛɹwej ɡowɪŋ ʌp
6922	Truly thought that the officer's gun at that time appeared to be almost touching the middle portion of Oswald's body.	tɹuli θɔt ðæt ðə ɔfəsɹ̩z ɡʌn æt ðæt tajm əpɪɹd tə bi ɔlmowst tʌtʃɪŋ ðə mɪdəl pɔɹʃən ʌv ɑswɔldz bɑdi.
6967	Dougherty took the elevator down from the fifth floor after Jarman, Norman, and Williams ran to the west windows and were deciding what to do.	dowɹ̩ti tʊk ðə ɛləvejtɹ̩ dawn fɹʌm ðə fɪfθ flɔɹ æftɹ̩ dʒɑɹmən, nɔɹmən, ænd wɪljəmz ɹæn tə ðə wɛst wɪndowz ænd wɹ̩ dəsajdɪŋ wʌt tə du.
7012	Barnett estimated that approximately three minutes elapsed between the time he heard the last of the shots and the time he started guarding the front door.	bɑɹnɛt ɛstəmejtəd ðæt əpɹɑksəmətli θɹi mɪnəts ɪlæpst bɪtwin ðə tajm hi hɹ̩d ðə læst ʌv ðə ʃɑts ænd ðə tajm hi stɑɹtəd ɡɑɹdɪŋ ðə fɹʌnt dɔɹ.
7069	She boarded the Marsalis bus at St. Paul and Elm Streets to return home. She testified further, quote,	ʃi bɔɹdəd ðə mɑɹsəlɪs bʌs æt sejnt pɔl ænd ɛlm stɹits tə ɹɪtɹ̩n howm. ʃi tɛstəfajd fɹ̩ðɹ̩, kwowt,
7097	The station wagon stopped to pick up the man and then drove off.	ðə stejʃən wæɡən stɑpt tə pɪk ʌp ðə mæn ænd ðɛn dɹowv ɔf.
7208	Benavides saw a man standing at the right side of the parked police car. He then heard three shots and saw the policeman fall to the ground.	bejnɑvidɛs sɔ ə mæn stændɪŋ æt ðə ɹajt sajd ʌv ðə pɑɹkt pəlis kɑɹ. hi ðɛn hɹ̩d θɹi ʃɑts ænd sɔ ðə pəlismən fɔl tə ðə ɡɹawnd.
7262	Similarly, Virginia Davis had not been shown pictures of anyone prior to the lineup and had not seen either television or the newspapers during the afternoon.	sɪməlɹ̩li, vɹ̩dʒɪnjə dejvəs hæd nɑt bɪn ʃown pɪktʃɹ̩z ʌv ɛniwʌn pɹajɹ̩ tə ðə lajnʌp ænd hæd nɑt sin iðɹ̩ tɛləvɪʒən ɔɹ ðə nuzpejpɹ̩z dʊɹɪŋ ðə æftɹ̩nun.
7285	Guinyard and Callaway viewed the same lineup of four men from which Mrs. Markham had earlier made her identification of Lee Harvey Oswald.	ɡɪnjɑɹd ænd kæləwej vjud ðə sejm lajnʌp ʌv fɔɹ mɛn fɹʌm wɪtʃ majsɛs mɑɹkəm hæd ɹ̩liɹ̩ mejd hɹ̩ ajdɛntəfəkejʃən ʌv li hɑɹvi ɔzwɔld.
7306	L.J. Lewis said in an interview that because of the distance from which he observed the gunman he would hesitate to state whether the man was identical with Oswald.	ɛl.dʒej. luɪs sɛd ɪn æn ɪntɹ̩vju ðæt bɪkɔz ʌv ðə dɪstəns fɹʌm wɪtʃ hi əbzɹ̩vd ðə ɡʌnmən hi wʊd hɛzətejt tə stejt wɛðɹ̩ ðə mæn wɑz ajdɛntɪkəl wɪð ɔzwɔld.
7323	He explained that the bullets were slightly smaller than the barrel of the pistol which had fired them. This caused the bullets to have an erratic passage through the barrel	hi ɪksplejnd ðæt ðə bʊləts wɹ̩ slajtli smɔlɹ̩ ðæn ðə bæɹəl ʌv ðə pɪstəl wɪtʃ hæd fajɹ̩d ðɛm. ðɪs kɑzd ðə bʊləts tə hæv æn ɪɹætɪk pæsədʒ θɹu ðə bæɹəl
7409	Patrolman M. N. McDonald, with Patrolmen R. Hawkins, T. A. Hutson, and C. T. Walker, entered the theatre from the rear.	pətɹowlmæn ɛm. ɛn. məkdɑnəld, wɪð pətɹowlmɛn ɑɹ. hɔkɪnz, ti. ə. hʌtsən, ænd si. ti. wɔkɹ̩, ɛntɹ̩d ðə θiətɹ̩ fɹʌm ðə ɹɪɹ.
7479	R. S. Stovall, and G. F. Rose obtained a search warrant and examined Oswald's effects in the Paine garage.	ɑɹ. ɛs. stowvɑl, ænd dʒi. ɛf. ɹowz əbtejnd ə sɹ̩tʃ wɔɹənt ænd ɪɡzæmənd ɑswɔldz ɪfɛkts ɪn ðə pejn ɡɹ̩ɑʒ.
7501	An examination of the roominghouse register revealed that Oswald actually signed the name O. H. Lee.	æn ɪɡzæmənejʃən ʌv ðə ɹumɪŋhaws ɹɛdʒɪstɹ̩ ɹɪvild ðæt ɔzwɔld æktʃəwəli sajnd ðə nejm ow. ejtʃ. li.
7558	The references to house rent and payments for water and gas	ðə ɹɛfɹ̩ənsɪz tə haws ɹɛnt ænd pejmənts fɔɹ wɔtɹ̩ ænd ɡæs
7568	He showed her a notebook three days later containing photographs of General Walker's home and a map of the area where the house was located.	hi ʃowd hɹ̩ ə nowtbʊk θɹi dejz lejtɹ̩ kəntejnɪŋ fowtəɡɹæfs ʌv dʒɛnɹ̩əl wɔkɹ̩z howm ænd ə mæp ʌv ðə ɛɹiə wɛɹ ðə haws wɑz lowkejtəd.
7780	were able to fire the rounds within the time period which would have been available to the assassin under those conditions.	wɹ̩ ejbəl tə fajɹ̩ ðə ɹawndz wɪðɪn ðə tajm pɪɹiəd wɪtʃ wʊd hæv bɪn əvejləbəl tə ðə əsæsən ʌndɹ̩ ðowz kəndɪʃənz.
7903	Lee was brought up in this atmosphere of constant money problems, and I am sure it had quite an effect on him, and also Robert, end quote.	li wɑz bɹɔt ʌp ɪn ðɪs ætməsfɪɹ ʌv kɑnstənt mʌni pɹɑbləmz, ænd aj æm ʃʊɹ ɪt hæd kwajt æn ɪfɛkt ɑn hɪm, ænd ɔlsow ɹɑbɹ̩t, ɛnd kwowt.
7959	Dr. Hartogs recommended that Oswald be placed on probation on condition that he seek help and guidance through a child guidance clinic.	dɑktɹ̩ hɑɹtɑɡz ɹɛkəmɛndəd ðæt ɔzwɔld bi plejst ɑn pɹowbejʃən ɑn kəndɪʃən ðæt hi sik hɛlp ænd ɡajdəns θɹu ə tʃajld ɡajdəns klɪnɪk.
7979	He appears to be a somewhat insecure youngster exhibiting much inclination for warm and satisfying relationships to others.	hi əpɪɹz tə bi ə sʌmwʌt ɪnsəkjɹ̩ jʌŋstɹ̩ ɪɡzɪbɪtɪŋ mʌtʃ ɪnklənejʃən fɔɹ wɔɹm ænd sætɪsfajɪŋ ɹilejʃənʃɪps tə ʌðɹ̩z.
8046	Voebel also recalled that Oswald once outlined a plan to cut the glass in the window of a store on Rampart Street and steal a pistol,	vowbəl ɔlsow ɹɪkɔld ðæt ɔzwɔld wʌns awtlajnd ə plæn tə kʌt ðə ɡlæs ɪn ðə wɪndow ʌv ə stɔɹ ɑn ɹæmpɑɹt stɹit ænd stil ə pɪstəl,
8075	who studied it during the year following his unsuccessful attempt to enlist until, quote, He knew it by heart, end quote.	hu stʌdid ɪt dʊɹɪŋ ðə jɪɹ fɑlowɪŋ hɪz ʌnsəksɛsfəl ətɛmpt tə ɛnlɪst əntɪl, kwowt, hi nu ɪt baj hɑɹt, ɛnd kwowt.
8133	after it was learned that he had defected to the Soviet Union.	æftɹ̩ ɪt wɑz lɹ̩nd ðæt hi hæd dɪfɛktɪd tə ðə sowviət junjən.
8158	Oswald would have had other and more favorable opportunities to strike at the Governor than on this occasion when, as a member of the President's party,	ɔzwɔld wʊd hæv hæd ʌðɹ̩ ænd mɔɹ fejvɹ̩əbəl ɑpɹ̩tunətiz tə stɹajk æt ðə ɡʌvɹ̩nɹ̩ ðæn ɑn ðɪs əkejʒən wɛn, æz ə mɛmbɹ̩ ʌv ðə pɹɛzədəntz pɑɹti,
8248	For personal, material advantages? Happiness is not based on oneself, it does not consist of a small home, of taking and getting,	fɔɹ pɹ̩sənəl, mətɪɹiəl ædvæntɪdʒɪz? hæpinəs ɪz nɑt bejst ɑn wʌnsɛlf, ɪt dowz nɑt kənsɪst ʌv ə smɔl howm, ʌv tejkɪŋ ænd ɡɛtɪŋ,
8268	I have entered the Soviet Union for the express purpose of applying for citizenship in the Soviet Union, through the means of naturalization.	aj hæv ɛntɹ̩d ðə sowviət junjən fɔɹ ðə ɪkspɹɛs pɹ̩pəs ʌv əplajɪŋ fɔɹ sɪtɪzənʃɪp ɪn ðə sowviət junjən, θɹu ðə minz ʌv nætʃɹ̩ələzejʃən.
8274	referring to them as experiences that he did not intend to have himself, even though he stated that he had never held a civilian job.	ɹɪfɹ̩ɪŋ tə ðɛm æz ɪkspɪɹiənsɪz ðæt hi dɪd nɑt ɪntɛnd tə hæv hɪmsɛlf, ivən ðow hi stejtəd ðæt hi hæd nɛvɹ̩ hɛld ə səvɪljən dʒɑb.
8296	Although Marina Oswald told the Commission that her husband had good personal relationships in the Soviet Union, Katherine Ford,	ɔlðow mɹ̩inə ɔzwɔld towld ðə kəmɪʃən ðæt hɹ̩ hʌzbənd hæd ɡʊd pɹ̩sənəl ɹilejʃənʃɪps ɪn ðə sowviət junjən, kæθɹ̩ɪn fɔɹd,
8341	The latter material expresses great hostility to both communism and capitalism. He wrote, that to a person knowing both of those systems, quote,	ðə lætɹ̩ mətɪɹiəl ɪkspɹɛsəz ɡɹejt hɑstɪləti tə bowθ kɑmjənɪzəm ænd kæpɪtəlɪzəm. hi ɹowt, ðæt tə ə pɹ̩sən nowɪŋ bowθ ʌv ðowz sɪstəmz, kwowt,
8369	they should not be confused with slowness, indecision or fear. Only the intellectually fearless could even be remotely attracted to our doctrine,	ðej ʃʊd nɑt bi kənfjuzd wɪð slownəs, ɪndɪsɪʒən ɔɹ fɪɹ. ownli ðə ɪntəlɛktʃuəli fɪɹləs kʊd ivən bi ɹimowtli ətɹæktəd tə awɹ̩ dɑktɹən,
8593	to an attack by Cuban exiles in a street demonstration and being, quote, officialy cautioned, end quote, by the police.	tə æn ətæk baj kjubən ɛɡzajlz ɪn ə stɹit dɛmənstɹejʃən ænd biɪŋ, kwowt, ɔfɪʃiəli kɑʃənd, ɛnd kwowt, baj ðə pəlis.
8600	and a newspaper clipping reporting the event, suggests that his previous story of an attack by Cuban exiles was at least greatly exaggerated.	ænd ə nuzpejpɹ̩ klɪpɪŋ ɹipɔɹtɪŋ ðə ɪvɛnt, səɡdʒɛsts ðæt hɪz pɹiviəs stɔɹi ʌv æn ətæk baj kjubən ɛɡzajlz wɑz æt list ɡɹejtli ɪɡzædʒɹ̩ejtəd.
8637	He did not think Oswald looked like the, quote, type, end quote, that he would have expected to find associating with a group such as the Fair Play for Cuba Committee.	hi dɪd nɑt θɪŋk ɔzwɔld lʊkt lajk ðə, kwowt, tajp, ɛnd kwowt, ðæt hi wʊd hæv ɪkspɛktəd tə fajnd əsowsiejtɪŋ wɪð ə ɡɹup sʌtʃ æz ðə fɛɹ plej fɔɹ kjubə kəmɪti.
8646	and advised them of some of his activities on behalf of the organization.	ænd ædvajzd ðɛm ʌv sʌm ʌv hɪz æktɪvətiz ɑn bɪhæf ʌv ðə ɔɹɡənəzejʃən.
8786	Many of the people with whom the Oswalds became acquainted after their arrival in the United States thought that Marina Oswald had married her husband primarily in the hope	mɛni ʌv ðə pipəl wɪð hum ðə ɑswɔldz bɪkejm əkwejntəd æftɹ̩ ðɛɹ ɹ̩ajvəl ɪn ðə junajtəd stejts θɔt ðæt mɹ̩inə ɔzwɔld hæd mɛɹid hɹ̩ hʌzbənd pɹajmɛɹəli ɪn ðə howp
8887	That this was better because while he was living alone and I stayed with Ruth, we were spending less money. And I told him to buy me a washing machine, because two children	ðæt ðɪs wɑz bɛtɹ̩ bɪkɔz wajl hi wɑz lɪvɪŋ əlown ænd aj stejd wɪð ɹuθ, wi wɹ̩ spɛndɪŋ lɛs mʌni. ænd aj towld hɪm tə baj mi ə wɑʃɪŋ məʃin, bɪkɔz tu tʃɪldɹən
8905	Anyone who was familiar with that area of Dallas would have known that the motorcade would probably pass the Texas School Book Depository to get from Main Street	ɛniwʌn hu wɑz fəmɪljɹ̩ wɪð ðæt ɛɹiə ʌv dæləs wʊd hæv nown ðæt ðə mowtɹ̩kejd wʊd pɹɑbəbli pæs ðə tɛksəs skul bʊk dɪpɑzətɔɹi tə ɡɛt fɹʌm mejn stɹit
8972	However, all information considered by the Commission which pertains to the protective function as it was carried out in Dallas has been published as part of this report.	hawɛvɹ̩, ɔl ɪnfɹ̩mejʃən kənsɪdɹ̩d baj ðə kəmɪʃən wɪtʃ pɹ̩tejnz tə ðə pɹətɛktɪv fʌŋkʃən æz ɪt wɑz kæɹid awt ɪn dæləs hæz bɪn pʌblɪʃt æz pɑɹt ʌv ðɪs ɹipɔɹt.
9246	When I began asking him specific details with respect to his activities in the Fair Play for Cuba Committee in New Orleans as to where meetings were held,	wɛn aj bɪɡæn æskɪŋ hɪm spəsɪfɪk dɪtejlz wɪð ɹɪspɛkt tə hɪz æktɪvətiz ɪn ðə fɛɹ plej fɔɹ kjubə kəmɪti ɪn nu ɔɹliənz æz tə wɛɹ mitɪŋz wɹ̩ hɛld,
9317	The official Bureau files confirm Hosty's statement that from November five until the assassination, no active investigation was conducted.	ðə əfɪʃəl bjʊɹow fajlz kənfɹ̩m hɑstɪz stejtmənt ðæt fɹʌm nowvɛmbɹ̩ fajv əntɪl ðə əsæsənejʃən, now æktɪv ɪnvɛstəɡejʃən wɑz kəndʌktəd.
9334	that he had owned a weapon and did a good deal of hunting or use of it, perhaps in Russia, plus a number of items about his disposition and unreliability of character,	ðæt hi hæd ownd ə wɛpən ænd dɪd ə ɡʊd dil ʌv hʌntɪŋ ɔɹ jus ʌv ɪt, pɹ̩hæps ɪn ɹʌʃə, plʌs ə nʌmbɹ̩ ʌv ajtəmz əbawt hɪz dɪspəzɪʃən ænd ʌnɹilajəbɪlɪti ʌv kɛɹɪktɹ̩,
9468	The Commission also regards the security arrangements worked out by Lawson and Sorrels at Love Field as entirely adequate.	ðə kəmɪʃən ɔlsow ɹɪɡɑɹdz ðə sɪkjʊɹəti ɹ̩ejndʒmənts wɹ̩kt awt baj lɔsən ænd sɔɹəlz æt lʌv fild æz ɪntajɹ̩li ædəkwət.
9473	He did not have a checklist of the tasks he was expected to accomplish, either by his own efforts or with the cooperation of local authorities.	hi dɪd nɑt hæv ə tʃɛklɪst ʌv ðə tæsks hi wɑz ɪkspɛktəd tə əkɑmplɪʃ, iðɹ̩ baj hɪz own ɛfɹ̩ts ɔɹ wɪð ðə kowɑpɹ̩ejʃən ʌv lowkəl əθɔɹətiz.
9485	There is, for example, no Secret Service arrangement for evaluating before a trip particular difficulties that might be anticipated,	ðɛɹ ɪz, fɔɹ ɪɡzæmpəl, now sikɹət sɹ̩vəs ɹ̩ejndʒmənt fɔɹ ɪvæljuejtɪŋ bɪfɔɹ ə tɹɪp pɹ̩tɪkjəlɹ̩ dɪfəkəltiz ðæt majt bi æntɪsəpejtəd,
9530	In accordance with its regular procedures, no survey or other check was made by the Secret Service, or by any other law enforcement agency at its request,	ɪn əkɔɹdəns wɪð ɪts ɹɛɡjəlɹ̩ pɹəsidʒɹ̩z, now sɹ̩vej ɔɹ ʌðɹ̩ tʃɛk wɑz mejd baj ðə sikɹət sɹ̩vəs, ɔɹ baj ɛni ʌðɹ̩ lɔ ɛnfɔɹsmənt ejdʒənsi æt ɪts ɹɪkwɛst,
9534	President Kennedy himself had mentioned it that morning, as had Agent Sorrels when he and Agent Lawson were fixing the motorcade route.	pɹɛzədɛnt kɛnədi hɪmsɛlf hæd mɛnʃənd ɪt ðæt mɔɹnɪŋ, æz hæd ejdʒənt sɔɹəlz wɛn hi ænd ejdʒənt lɔsən wɹ̩ fɪksɪŋ ðə mowtɹ̩kejd ɹut.
9537	An attempt to cover only the most obvious points of possible ambush along the route in Dallas might well have included the Texas School Book Depository Building.	æn ətɛmpt tə kʌvɹ̩ ownli ðə mowst ɑbviəs pojnts ʌv pɑsəbəl æmbʊʃ əlɔŋ ðə ɹut ɪn dæləs majt wɛl hæv ɪnkludəd ðə tɛksəs skul bʊk dɪpɑzətɔɹi bɪldɪŋ.
9635	When President and Mrs. Kennedy shook hands with members of the public along the fences surrounding the reception area, they were closely guarded by Secret Service agents	wɛn pɹɛzədɛnt ænd majsɛs kɛnədi ʃʊk hændz wɪð mɛmbɹ̩z ʌv ðə pʌblɪk əlɔŋ ðə fɛnsəz sɹ̩awndɪŋ ðə ɹɪsɛpʃən ɛɹiə, ðej wɹ̩ klowsli ɡɑɹdəd baj sikɹət sɹ̩vəs ejdʒənts
9737	FBI Director J. Edgar Hoover, who strongly supports such legislation, testified that the absence of clear Federal jurisdiction	ɛf bi aj dɹ̩ɛktɹ̩ dʒej. ɛdɡɹ̩ huvɹ̩, hu stɹɔŋli səpɔɹts sʌtʃ lɛdʒəslejʃən, tɛstəfajd ðæt ðə æbsəns ʌv klɪɹ fɛdɹ̩əl dʒʊɹəsdɪkʃən
9756	As improvements are recommended for the advance detection of potential threats to the President, it could act as a final review board.	æz ɪmpɹuvmənts ɑɹ ɹɛkəmɛndəd fɔɹ ðə ədvæns dɪtɛkʃən ʌv pətɛnʃəl θɹɛts tə ðə pɹɛzədɛnt, ɪt kʊd ækt æz ə fajnəl ɹivju bɔɹd.
9779	to notify the Secret Service of the substantial information about Lee Harvey Oswald which the FBI had accumulated	tə nowtəfaj ðə sikɹət sɹ̩vəs ʌv ðə səbstæntʃəl ɪnfɹ̩mejʃən əbawt li hɑɹvi ɔzwɔld wɪtʃ ðə ɛf bi aj hæd əkjumjəlejtəd
9978	but it seems to warrant further study before each agency becomes irrevocably committed to separate action.	bʌt ɪt simz tə wɔɹənt fɹ̩ðɹ̩ stʌdi bɪfɔɹ itʃ ejdʒənsi bɪkʌmz ɪɹɛvəkəbli kəmɪtəd tə sɛpɹət ækʃən.
9986	Based on its experience during this period, the Secret Service now recommends that additional personnel be made available to PRS	bejst ɑn ɪts ɪkspɪɹiəns dʊɹɪŋ ðɪs pɪɹiəd, ðə sikɹət sɹ̩vəs naw ɹɛkəmɛndz ðæt ədɪʃənəl pɹ̩sənɛl bi mejd əvejləbəl tə pi ɑɹ ɛs
